"diagnosis","inhibitory_synapse_density"
"1","control",181087963.227413
"2","control",202619465.643944
"3","control",207983881.812911
"4","control",149066047.775134
"5","epilepsy",171787656.687308
"6","epilepsy",162518199.989105
"7","epilepsy",176011363.991748
"8","epilepsy",129607628.426998
